YALI1_norm,YALI0_norm
YALI1_A00309g,YALI0_A00264g
YALI1_A00746g,YALI0_A00594g
YALI1_A00789g,YALI0_A00616g
YALI1_A01061g,YALI0_A00803g
YALI1_A01628g,YALI0_A01155g
YALI1_A01717g,YALI0_A01331g
YALI1_A01766g,YALI0_A01353g
YALI1_A01777g,YALI0_A01375g
YALI1_A01794g,YALI0_A01397g
YALI1_A02083g,YALI0_A01738g
YALI1_A02096g,YALI0_A01760g
YALI1_A02131g,YALI0_A01782g
YALI1_A02461g,YALI0_A02068g
YALI1_A02833g,YALI0_A02354g
YALI1_A02974g,YALI0_A02453g
YALI1_A03069g,YALI0_A02541g
YALI1_A03081g,YALI0_A02563g
YALI1_A03153g,YALI0_A02651g
YALI1_A03183g,YALI0_A02695g
YALI1_A03278g,YALI0_A02849g
YALI1_A03322g,YALI0_A02915g
YALI1_A03396g,YALI0_A02981g
YALI1_A03402g,YALI0_A03003g
YALI1_A03422g,YALI0_A03025g
YALI1_A03624g,YALI0_A03245g
YALI1_A03643r,YALI0_A03355r
YALI1_A03757g,YALI0_A03509g
YALI1_A04022g,YALI0_A03839g
YALI1_A04119g,YALI0_A03905g
YALI1_A04385g,YALI0_A04125g
YALI1_A04462g,YALI0_A04279g
YALI1_A04561g,YALI0_A04345g
YALI1_A05052g,YALI0_A04939g
YALI1_A05116g,YALI0_A04983g
YALI1_A05220g,YALI0_A05137g
YALI1_A05254g,YALI0_A05181g
YALI1_A05355g,YALI0_A05291g
YALI1_A05473g,YALI0_A05401g
YALI1_A05491g,YALI0_A05423g
YALI1_A05701g,YALI0_A05775g
YALI1_A05709g,YALI0_A05797g
YALI1_A06128g,YALI0_A06479g
YALI1_A06666g,YALI0_A06996g
YALI1_A07051g,YALI0_A07557g
YALI1_A07267g,YALI0_A07689g
YALI1_A07349g,YALI0_A07821g
YALI1_A07649g,YALI0_A08077g
YALI1_A07712g,YALI0_A08129g
YALI1_A07730g,YALI0_A08151g
YALI1_A08436g,YALI0_A08536g
YALI1_A08502g,YALI0_A08646g
YALI1_A08781g,YALI0_A09042g
YALI1_A09121g,YALI0_A09427g
YALI1_A09190g,YALI0_A09471g
YALI1_A09444g,YALI0_A09680g
YALI1_A09856g,YALI0_A09988g
YALI1_A09911g,YALI0_A10032g
YALI1_A09939g,YALI0_A10076g
YALI1_A09949g,YALI0_A10098g
YALI1_A10022g,YALI0_A10164g
YALI1_A10254g,YALI0_A10310g
YALI1_A10529g,YALI0_A10571g
YALI1_A10827g,YALI0_A10725g
YALI1_A10907g,YALI0_A10813g
YALI1_A10934g,YALI0_A10879g
YALI1_A11258g,YALI0_A11143g
YALI1_A11270g,YALI0_A11157g
YALI1_A12037g,YALI0_A11781g
YALI1_A12225g,YALI0_A12001g
YALI1_A12284g,YALI0_A12045g
YALI1_A12302g,YALI0_A12067g
YALI1_A12403g,YALI0_A12133g
YALI1_A12411g,YALI0_A12155g
YALI1_A12638g,YALI0_A12507g
YALI1_A12852g,YALI0_A12815g
YALI1_A13046g,YALI0_A13057g
YALI1_A13383g,YALI0_A13299g
YALI1_A13566g,YALI0_A13541g
YALI1_A14079g,YALI0_A14234g
YALI1_A14199g,YALI0_A14388g
YALI1_A14390g,YALI0_A14586g
YALI1_A14568g,YALI0_A14630g
YALI1_A14658g,YALI0_A14707g
YALI1_A14721g,YALI0_A14784g
YALI1_A14736g,YALI0_A14806g
YALI1_A14783g,YALI0_A14839g
YALI1_A14882g,YALI0_A14883g
YALI1_A15079g,YALI0_A15081g
YALI1_A15720g,YALI0_A15686g
YALI1_A15846g,YALI0_A15884g
YALI1_A15879g,YALI0_A15950g
YALI1_A16121g,YALI0_A16214g
YALI1_A16509g,YALI0_A16588g
YALI1_A16770g,YALI0_A16797g
YALI1_A17177g,YALI0_A17127g
YALI1_A17328g,YALI0_A17193g
YALI1_A17450g,YALI0_A17314g
YALI1_A17470g,YALI0_A17336g
YALI1_A17570g,YALI0_A17468g
YALI1_A17824g,YALI0_A17776g
YALI1_A17927g,YALI0_A17809g
YALI1_A18036g,YALI0_A17853g
YALI1_A18166g,YALI0_A17941g
YALI1_A18219g,YALI0_A17963g
YALI1_A18286g,YALI0_A18007g
YALI1_A18414g,YALI0_A18139g
YALI1_A18557g,YALI0_A18205g
YALI1_A18805g,YALI0_A18293g
YALI1_A19459g,YALI0_A18590g
YALI1_A19795g,YALI0_A18832g
YALI1_A19885g,YALI0_A18942g
YALI1_A19898g,YALI0_A18964g
YALI1_A19965g,YALI0_A19008g
YALI1_A19974g,YALI0_A19030g
YALI1_A20089g,YALI0_A19096g
YALI1_A20176g,YALI0_A19206g
YALI1_A20320g,YALI0_A19404g
YALI1_A20353g,YALI0_A19404g
YALI1_A20631g,YALI0_A19646g
YALI1_A20793g,YALI0_A19712g
YALI1_A20849g,YALI0_A19756g
YALI1_A21345g,YALI0_A20328g
YALI1_A21477g,YALI0_A20438g
YALI1_A21509g,YALI0_A20482g
YALI1_A21565g,YALI0_A20526g
YALI1_A21630g,YALI0_A20614g
YALI1_A21654g,YALI0_A20636g
YALI1_A21711g,YALI0_A20680g
YALI1_A21720g,YALI0_A20702g
YALI1_A21775g,YALI0_A20746g
YALI1_A21797g,YALI0_A20768g
YALI1_A21919g,YALI0_A20867g
YALI1_A21970g,YALI0_A20922g
YALI1_B00525g,YALI0_B00528g
YALI1_B00908g,YALI0_B00792g
YALI1_B01084g,YALI0_B00726g
YALI1_B01464g,YALI0_B00858g
YALI1_B01552g,YALI0_B00902g
YALI1_B01644g,YALI0_B00968g
YALI1_B01698g,YALI0_B00990g
YALI1_B01752g,YALI0_B01034g
YALI1_B01839g,YALI0_B01078g
YALI1_B02091g,YALI0_B01224g
YALI1_B02228g,YALI0_B01320g
YALI1_B02345g,YALI0_B01364g
YALI1_B02430g,YALI0_B01430g
YALI1_B02465g,YALI0_B01452g
YALI1_B02472g,YALI0_B01474g
YALI1_B02487g,YALI0_B01540g
YALI1_B02806g,YALI0_B01826g
YALI1_B02874g,YALI0_B01870g
YALI1_B02881g,YALI0_B01892g
YALI1_B02931g,YALI0_B01980g
YALI1_B03335g,YALI0_B02244g
YALI1_B03719g,YALI0_B02376g
YALI1_B03910g,YALI0_B02544g
YALI1_B03979g,YALI0_B02574g
YALI1_B04123g,YALI0_B02706g
YALI1_B04138g,YALI0_B02728g
YALI1_B04200g,YALI0_B02750g
YALI1_B04309g,YALI0_B02852g
YALI1_B04321g,YALI0_B02860g
YALI1_B04433g,YALI0_B02948g
YALI1_B04466g,YALI0_B02970g
YALI1_B04559g,YALI0_B03102g
YALI1_B04589g,YALI0_B03124g
YALI1_B04803g,YALI0_B03322g
YALI1_B04873g,YALI0_B03388g
YALI1_B04937g,YALI0_B03476g
YALI1_B05072g,YALI0_B03630g
YALI1_B05185g,YALI0_B03718g
YALI1_B05242g,YALI0_B03784g
YALI1_B05364g,YALI0_B03982g
YALI1_B05438g,YALI0_B04048g
YALI1_B05571g,YALI0_B04180g
YALI1_B05646g,YALI0_B04224g
YALI1_B05690g,YALI0_B04246g
YALI1_B05711g,YALI0_B04268g
YALI1_B05995g,YALI0_B04444g
YALI1_B06015g,YALI0_B04466g
YALI1_B06245g,YALI0_B04532g
YALI1_B07094g,YALI0_B05126g
YALI1_B07652g,YALI0_B05610g
YALI1_B07675g,YALI0_B05632g
YALI1_B07769g,YALI0_B05720g
YALI1_B07809g,YALI0_B05764g
YALI1_B07843g,YALI0_B05786g
YALI1_B07864g,YALI0_B05852g
YALI1_B07957g,YALI0_B05918g
YALI1_B08193g,YALI0_B06116g
YALI1_B08627g,YALI0_B06578g
YALI1_B08885g,YALI0_B06831g
YALI1_B08975g,YALI0_B06875g
YALI1_B09025g,YALI0_B06941g
YALI1_B09258g,YALI0_B07161g
YALI1_B09266g,YALI0_B07183g
YALI1_B09592g,YALI0_B07447g
YALI1_B09807g,YALI0_B07535g
YALI1_B09894g,YALI0_B07579g
YALI1_B10263g,YALI0_B07777g
YALI1_B11167g,YALI0_B08294g
YALI1_B11519g,YALI0_B08514g
YALI1_B11532g,YALI0_B08536g
YALI1_B11759g,YALI0_B08734g
YALI1_B11794g,YALI0_B08756g
YALI1_B11853g,YALI0_B08778g
YALI1_B11934g,YALI0_B08866g
YALI1_B12042g,YALI0_B08965g
YALI1_B12195g,YALI0_B09053g
YALI1_B12204g,YALI0_B09075g
YALI1_B12529g,YALI0_B09383g
YALI1_B12714g,YALI0_B09493g
YALI1_B13041g,YALI0_B09669g
YALI1_B13290g,YALI0_B09889g
YALI1_B13355g,YALI0_B09977g
YALI1_B13586g,YALI0_B10065g
YALI1_B13662g,YALI0_B10131g
YALI1_B13973g,YALI0_B10362g
YALI1_B14150g,YALI0_B10494g
YALI1_B14187g,YALI0_B10516g
YALI1_B14236g,YALI0_B10560g
YALI1_B14418g,YALI0_B10758g
YALI1_B14600g,YALI0_B10912g
YALI1_B14615g,YALI0_B10934g
YALI1_B14680g,YALI0_B11000g
YALI1_B14686g,YALI0_B11022g
YALI1_B14752g,YALI0_B11066g
YALI1_B14804g,YALI0_B11132g
YALI1_B14978g,YALI0_B11286g
YALI1_B15015g,YALI0_B11330g
YALI1_B15072g,YALI0_B11352g
YALI1_B15092g,YALI0_B11374g
YALI1_B15109g,YALI0_B11396g
YALI1_B15180g,YALI0_B11440g
YALI1_B15346g,YALI0_B11572g
YALI1_B15521g,YALI0_B11726g
YALI1_B15624g,YALI0_B11814g
YALI1_B15692g,YALI0_B11880g
YALI1_B15852g,YALI0_B11968g
YALI1_B16068g,YALI0_B12210g
YALI1_B16110g,YALI0_B12276g
YALI1_B16194g,YALI0_B12320g
YALI1_B16419g,YALI0_B12474g
YALI1_B16446g,YALI0_B12496g
YALI1_B16705g,YALI0_B12694g
YALI1_B16735g,YALI0_B12694g
YALI1_B16968g,YALI0_B12804g
YALI1_B16996g,YALI0_B12826g
YALI1_B17008g,YALI0_B12848g
YALI1_B17105g,YALI0_B12914g
YALI1_B17838g,YALI0_B13398g
YALI1_B17908g,YALI0_B13442g
YALI1_B17927g,YALI0_B13464g
YALI1_B18207g,YALI0_B13706g
YALI1_B18265g,YALI0_B13772g
YALI1_B18384g,YALI0_B13882g
YALI1_B18645g,YALI0_B14102g
YALI1_B18707g,YALI0_B14146g
YALI1_B18741g,YALI0_B14201g
YALI1_B18811g,YALI0_B14267g
YALI1_B18902g,YALI0_B14355g
YALI1_B18930g,YALI0_B14377g
YALI1_B18955g,YALI0_B14399g
YALI1_B19044g,YALI0_B14487g
YALI1_B19079g,YALI0_B14509g
YALI1_B19336g,YALI0_B14707g
YALI1_B19388g,YALI0_B14751g
YALI1_B19490g,YALI0_B14839g
YALI1_B19567g,YALI0_B14905g
YALI1_B19713g,YALI0_B14993g
YALI1_B19897g,YALI0_B15103g
YALI1_B19962g,YALI0_B15147g
YALI1_B20009g,YALI0_B15180g
YALI1_B20052g,YALI0_B15224g
YALI1_B20153g,YALI0_B15304g
YALI1_B20243g,YALI0_B15400g
YALI1_B20416g,YALI0_B15576g
YALI1_B20462g,YALI0_B15598g
YALI1_B20521g,YALI0_B15642g
YALI1_B20527g,YALI0_B15664g
YALI1_B20589g,YALI0_B15708g
YALI1_B20717g,YALI0_B15752g
YALI1_B20730g,YALI0_B15774g
YALI1_B20777g,YALI0_B15818g
YALI1_B20834g,YALI0_B15862g
YALI1_B20870g,YALI0_B15906g
YALI1_B20992g,YALI0_B16016g
YALI1_B21004g,YALI0_B16038g
YALI1_B21070g,YALI0_B16104g
YALI1_B21088g,YALI0_B16126g
YALI1_B21208g,YALI0_B16258g
YALI1_B21313g,YALI0_B16324g
YALI1_B21323g,YALI0_B16368g
YALI1_B21356g,YALI0_B16390g
YALI1_B21423g,YALI0_B16434g
YALI1_B21562g,YALI0_B16544g
YALI1_B21618g,YALI0_B16588g
YALI1_B21714g,YALI0_B16654g
YALI1_B21798g,YALI0_B16742g
YALI1_B21816g,YALI0_B16764g
YALI1_B21855g,YALI0_B16808g
YALI1_B21885g,YALI0_B16822g
YALI1_B22015g,YALI0_B16896g
YALI1_B22020g,YALI0_B16918g
YALI1_B22276g,YALI0_B17072g
YALI1_B22452g,YALI0_B17270g
YALI1_B22533g,YALI0_B17314g
YALI1_B22549g,YALI0_B17336g
YALI1_B22561g,YALI0_B17358g
YALI1_B22598g,YALI0_B17380g
YALI1_B22614g,YALI0_B17402g
YALI1_B22638g,YALI0_B17424g
YALI1_B22793g,YALI0_B17622g
YALI1_B22820g,YALI0_B17644g
YALI1_B22853g,YALI0_B17666g
YALI1_B22883g,YALI0_B17688g
YALI1_B22908g,YALI0_B17732g
YALI1_B23055g,YALI0_B17798g
YALI1_B23061g,YALI0_B17820g
YALI1_B23176g,YALI0_B17886g
YALI1_B23338g,YALI0_B18018g
YALI1_B23351g,YALI0_B18040g
YALI1_B23467g,YALI0_B18172g
YALI1_B23579g,YALI0_B18216g
YALI1_B23771g,YALI0_B18298g
YALI1_B23834g,YALI0_B18348g
YALI1_B24252g,YALI0_B18634g
YALI1_B24335g,YALI0_B18722g
YALI1_B25187g,YALI0_B19206g
YALI1_B25427g,YALI0_B19382g
YALI1_B25676g,YALI0_B19602g
YALI1_B25744g,YALI0_B19646g
YALI1_B25798g,YALI0_B19734g
YALI1_B26235g,YALI0_B20086g
YALI1_B26350g,YALI0_B20196g
YALI1_B26451g,YALI0_B20240g
YALI1_B26659g,YALI0_B20350g
YALI1_B26679g,YALI0_B20372g
YALI1_B26749g,YALI0_B20438g
YALI1_B26808g,YALI0_B20504g
YALI1_B27009g,YALI0_B20658g
YALI1_B27254g,YALI0_B20856g
YALI1_B27280g,YALI0_B20878g
YALI1_B27307g,YALI0_B20911g
YALI1_B27320g,YALI0_B20922g
YALI1_B27404g,YALI0_B20988g
YALI1_B27485g,YALI0_B21076g
YALI1_B27637g,YALI0_B21208g
YALI1_B27874g,YALI0_B21428g
YALI1_B27984g,YALI0_B21494g
YALI1_B28053g,YALI0_B21538g
YALI1_B28215g,YALI0_B21604g
YALI1_B28357g,YALI0_B21692g
YALI1_B28572g,YALI0_B21978g
YALI1_B28659g,YALI0_B22066g
YALI1_B28744g,YALI0_B22110g
YALI1_B28830g,YALI0_B22154g
YALI1_B29108g,YALI0_B22286g
YALI1_B29202g,YALI0_B22396g
YALI1_B29505g,YALI0_B22572g
YALI1_B29528g,YALI0_B22616g
YALI1_B29539g,YALI0_B22638g
YALI1_B29548g,YALI0_B22660g
YALI1_B29662g,YALI0_B22726g
YALI1_B29779g,YALI0_B22836g
YALI1_B29867g,YALI0_B22902g
YALI1_B29895g,YALI0_B22946g
YALI1_B29941g,YALI0_B23012g
YALI1_B29977g,YALI0_B23056g
YALI1_B30090g,YALI0_B23188g
YALI1_B30123g,YALI0_B23210g
YALI1_B30181g,YALI0_B23298g
YALI1_B30214g,YALI0_B23342g
YALI1_B30293g,YALI0_B23452g
YALI1_C00293g,YALI0_C00253g
YALI1_C00913g,YALI0_C00671g
YALI1_C01297g,YALI0_C00913g
YALI1_C01789g,YALI0_C01243g
YALI1_C01800g,YALI0_C01287g
YALI1_C02053g,YALI0_C01463g
YALI1_C02086g,YALI0_C01485g
YALI1_C02188g,YALI0_C01595g
YALI1_C02391g,YALI0_C01716g
YALI1_C02402g,YALI0_C01738g
YALI1_C02639g,YALI0_C01969g
YALI1_C03378g,YALI0_C02409g
YALI1_C04117g,YALI0_C03047g
YALI1_C04265g,YALI0_C03179g
YALI1_C04281g,YALI0_C03201g
YALI1_C04389g,YALI0_C03333g
YALI1_C04436g,YALI0_C03377g
YALI1_C04531g,YALI0_C03421g
YALI1_C04798g,YALI0_C03608g
YALI1_C04882g,YALI0_C03674g
YALI1_C04991g,YALI0_C03762g
YALI1_C04996g,YALI0_C03784g
YALI1_C05386g,YALI0_C04092g
YALI1_C05570g,YALI0_C04180g
YALI1_C05636g,YALI0_C04213g
YALI1_C05813g,YALI0_C04345g
YALI1_C05820g,YALI0_C04367g
YALI1_C05972g,YALI0_C04477g
YALI1_C06006g,YALI0_C04499g
YALI1_C06032g,YALI0_C04521g
YALI1_C06137g,YALI0_C04620g
YALI1_C06511g,YALI0_C05082g
YALI1_C06597g,YALI0_C05148g
YALI1_C06626g,YALI0_C05170g
YALI1_C06994g,YALI0_C05500g
YALI1_C07137g,YALI0_C05599g
YALI1_C07451g,YALI0_C05775g
YALI1_C07495g,YALI0_C05819g
YALI1_C07638g,YALI0_C05951g
YALI1_C07721g,YALI0_C05995g
YALI1_C07770g,YALI0_C06039g
YALI1_C07816g,YALI0_C06083g
YALI1_C07979g,YALI0_C06149g
YALI1_C08065g,YALI0_C06215g
YALI1_C08173g,YALI0_C06281g
YALI1_C08262g,YALI0_C06369g
YALI1_C08600g,YALI0_C06460g
YALI1_C08702g,YALI0_C06490g
YALI1_C09033g,YALI0_C06776g
YALI1_C09094g,YALI0_C06820g
YALI1_C09230g,YALI0_C06886g
YALI1_C09343g,YALI0_C06974g
YALI1_C09380g,YALI0_C06996g
YALI1_C09390g,YALI0_C07018g
YALI1_C09467g,YALI0_C07128g
YALI1_C09642g,YALI0_C07260g
YALI1_C09923g,YALI0_C07502g
YALI1_C09950g,YALI0_C07524g
YALI1_C10555g,YALI0_C07953g
YALI1_C10730g,YALI0_C08052g
YALI1_C10860g,YALI0_C08118g
YALI1_C11096g,YALI0_C08206g
YALI1_C11131g,YALI0_C08228g
YALI1_C11441g,YALI0_C08349g
YALI1_C11715g,YALI0_C08481g
YALI1_C11954g,YALI0_C08745g
YALI1_C12007g,YALI0_C08782g
YALI1_C12024g,YALI0_C08811g
YALI1_C12282g,YALI0_C08960g
YALI1_C12642g,YALI0_C09141g
YALI1_C12725g,YALI0_C09185g
YALI1_C12788g,YALI0_C09218g
YALI1_C13007g,YALI0_C09350g
YALI1_C13106g,YALI0_C09460g
YALI1_C13186g,YALI0_C09504g
YALI1_C13560g,YALI0_C09757g
YALI1_C14079g,YALI0_C10032g
YALI1_C14169g,YALI0_C10098g
YALI1_C14774g,YALI0_C10472g
YALI1_C15021g,YALI0_C10648g
YALI1_C15077g,YALI0_C10692g
YALI1_C15217g,YALI0_C10846g
YALI1_C15297g,YALI0_C10901g
YALI1_C15687g,YALI0_C11231g
YALI1_C16080g,YALI0_C11429g
YALI1_C16108g,YALI0_C11473g
YALI1_C16200g,YALI0_C11539g
YALI1_C16485g,YALI0_C11803g
YALI1_C16621g,YALI0_C11880g
YALI1_C17050g,YALI0_C12144g
YALI1_C17238g,YALI0_C12276g
YALI1_C17411g,YALI0_C12342g
YALI1_C17700g,YALI0_C12496g
YALI1_C17820g,YALI0_C12639g
YALI1_C17848g,YALI0_C12661g
YALI1_C17947g,YALI0_C12771g
YALI1_C17988g,YALI0_C12859g
YALI1_C17995g,YALI0_C12881g
YALI1_C18073g,YALI0_C12947g
YALI1_C18892g,YALI0_C13596g
YALI1_C18901g,YALI0_C13618g
YALI1_C19005g,YALI0_C13706g
YALI1_C19348g,YALI0_C13816g
YALI1_C19529g,YALI0_C13904g
YALI1_C19794g,YALI0_C14014g
YALI1_C19814g,YALI0_C14036g
YALI1_C19840g,YALI0_C14058g
YALI1_C20224g,YALI0_C14520g
YALI1_C20646g,YALI0_C14828g
YALI1_C21487g,YALI0_C15224g
YALI1_C23040g,YALI0_C16005g
YALI1_C23193g,YALI0_C16203g
YALI1_C23526g,YALI0_C16456g
YALI1_C23707g,YALI0_C16566g
YALI1_C23826g,YALI0_C16687g
YALI1_C23926g,YALI0_C16775g
YALI1_C23989g,YALI0_C16819g
YALI1_C24303g,YALI0_C16973g
YALI1_C24400g,YALI0_C17017g
YALI1_C24460g,YALI0_C17083g
YALI1_C24730g,YALI0_C17369g
YALI1_C24806g,YALI0_C17501g
YALI1_C24891g,YALI0_C17567g
YALI1_C25029g,YALI0_C17831g
YALI1_C25288g,YALI0_C18117g
YALI1_C25301g,YALI0_C18139g
YALI1_C25367g,YALI0_C18227g
YALI1_C25377g,YALI0_C18249g
YALI1_C25576g,YALI0_C18381g
YALI1_C25758g,YALI0_C18513g
YALI1_C25782g,YALI0_C18535g
YALI1_C25789g,YALI0_C18557g
YALI1_C25979g,YALI0_C18689g
YALI1_C26036g,YALI0_C18799g
YALI1_C26106g,YALI0_C18975g
YALI1_C26138g,YALI0_C18997g
YALI1_C26167g,YALI0_C19041g
YALI1_C26408g,YALI0_C19129g
YALI1_C26544g,YALI0_C19195g
YALI1_C27476g,YALI0C19558g:2
YALI1_C28767g,YALI0_C20779g
YALI1_C29052g,YALI0_C20999g
YALI1_C29148g,YALI0_C21109g
YALI1_C29158g,YALI0_C21131g
YALI1_C29302g,YALI0_C21219g
YALI1_C29382g,YALI0_C21296g
YALI1_C29618g,YALI0_C21472g
YALI1_C29810g,YALI0_C21560g
YALI1_C29983g,YALI0_C21692g
YALI1_C30086g,YALI0_C21789g
YALI1_C30119g,YALI0_C21802g
YALI1_C30130g,YALI0_C21824g
YALI1_C30181g,YALI0_C21846g
YALI1_C30187g,YALI0_C21868g
YALI1_C30514g,YALI0_C22165g
YALI1_C30614g,YALI0_C22231g
YALI1_C30795g,YALI0_C22385g
YALI1_C30901g,YALI0_C22484g
YALI1_C30946g,YALI0_C22528g
YALI1_C31086g,YALI0_C22594g
YALI1_C31684g,YALI0_C22946g
YALI1_C31900g,YALI0_C23100g
YALI1_C32049g,YALI0_C23232g
YALI1_C32184g,YALI0_C23364g
YALI1_C32223g,YALI0_C23379g
YALI1_C32253g,YALI0_C23386g
YALI1_C32276g,YALI0_C23408g
YALI1_C32294g,YALI0_C23430g
YALI1_C32737g,YALI0_C23727g
YALI1_C32810g,YALI0_C23793g
YALI1_C32975g,YALI0_C23947g
YALI1_C33005g,YALI0_C23969g
YALI1_C33071g,YALI0_C24013g
YALI1_C33100g,YALI0_C24079g
YALI1_C33193g,YALI0_C24123g
YALI1_C33299g,YALI0_C24255g
YALI1_C33314g,YALI0_C24277g
YALI1_C33444g,YALI0_C24398g
YALI1_D00231g,YALI0_D00220g
YALI1_D00311g,YALI0_D00297g
YALI1_D00326g,YALI0_D00319g
YALI1_D00577g,YALI0_D00561g
YALI1_D00766g,YALI0_D00737g
YALI1_D00951g,YALI0_D00891g
YALI1_D01123g,YALI0_D01067g
YALI1_D01188g,YALI0_D01089g
YALI1_D01317g,YALI0_D01177g
YALI1_D01345g,YALI0_D01199g
YALI1_D02063g,YALI0_D01760g
YALI1_D02180g,YALI0_D01936g
YALI1_D02348g,YALI0_D02079g
YALI1_D02362g,YALI0_D02101g
YALI1_D02804g,YALI0_D02343g
YALI1_D02831g,YALI0_D02365g
YALI1_D02852g,YALI0_D02387g
YALI1_D03167g,YALI0_D02607g
YALI1_D03380g,YALI0_D02717g
YALI1_D03575g,YALI0_D02805g
YALI1_D03701g,YALI0_D02893g
YALI1_D03865g,YALI0_D03069g
YALI1_D03888g,YALI0_D03091g
YALI1_D03904g,YALI0_D03113g
YALI1_D03952g,YALI0_D03135g
YALI1_D03990g,YALI0_D03157g
YALI1_D04186g,YALI0_D03267g
YALI1_D04432g,YALI0_D03480g
YALI1_D04467g,YALI0_D03509g
YALI1_D04566g,YALI0_D03619g
YALI1_D04636g,YALI0_D03663g
YALI1_D04680g,YALI0_D03718g
YALI1_D04725g,YALI0_D03740g
YALI1_D04901g,YALI0_D03916g
YALI1_D04910g,YALI0_D03938g
YALI1_D04936g,YALI0_D03949g
YALI1_D05019g,YALI0_D04004g
YALI1_D05038g,YALI0_D04026g
YALI1_D05270g,YALI0_D04202g
YALI1_D05370g,YALI0_D04290g
YALI1_D05450g,YALI0_D04400g
YALI1_D05474g,YALI0_D04422g
YALI1_D05594g,YALI0_D04466g
YALI1_D05817g,YALI0_D04697g
YALI1_D06061g,YALI0_D04829g
YALI1_D06302g,YALI0_D04939g
YALI1_D06380g,YALI0_D04983g
YALI1_D06665g,YALI0_D05093g
YALI1_D06700g,YALI0_D05159g
YALI1_D07089g,YALI0_D05467g
YALI1_D07118g,YALI0_D05489g
YALI1_D07232g,YALI0_D05621g
YALI1_D07665g,YALI0_D05995g
YALI1_D07775g,YALI0_D06061g
YALI1_D07981g,YALI0_D06215g
YALI1_D08031g,YALI0_D06259g
YALI1_D08050g,YALI0_D06281g
YALI1_D08082g,YALI0_D06303g
YALI1_D08174g,YALI0_D06369g
YALI1_D08285g,YALI0_D06457g
YALI1_D08339g,YALI0_D06501g
YALI1_D08360g,YALI0_D06523g
YALI1_D08382g,YALI0_D06545g
YALI1_D08402g,YALI0_D06567g
YALI1_D08715g,YALI0_D06776g
YALI1_D08749g,YALI0_D06820g
YALI1_D08843g,YALI0_D06886g
YALI1_D09103g,YALI0_D07128g
YALI1_D09277g,YALI0_D07282g
YALI1_D09308g,YALI0_D07304g
YALI1_D09356g,YALI0_D07326g
YALI1_D09504g,YALI0_D07436g
YALI1_D09996g,YALI0_D07722g
YALI1_D10022g,YALI0_D07766g
YALI1_D10033g,YALI0_D07788g
YALI1_D10067g,YALI0_D07810g
YALI1_D10226g,YALI0_D07964g
YALI1_D10264g,YALI0_D07986g
YALI1_D10424g,YALI0_D08162g
YALI1_D10600g,YALI0_D08272g
YALI1_D10623g,YALI0_D08294g
YALI1_D10858g,YALI0_D08448g
YALI1_D10865g,YALI0_D08470g
YALI1_D10930g,YALI0_D08514g
YALI1_D11015g,YALI0_D08558g
YALI1_D11034g,YALI0_D08580g
YALI1_D11091g,YALI0_D08635g
YALI1_D11437g,YALI0_D08954g
YALI1_D11614g,YALI0_D09119g
YALI1_D11722g,YALI0_D09251g
YALI1_D11844g,YALI0_D09317g
YALI1_D11984g,YALI0_D09361g
YALI1_D12172g,YALI0_D09625g
YALI1_D12282g,YALI0_D09713g
YALI1_D12493g,YALI0_D09867g
YALI1_D12543g,YALI0_D09911g
YALI1_D12750g,YALI0_D10065g
YALI1_D12996g,YALI0_D10307g
YALI1_D13126g,YALI0_D10505g
YALI1_D13226g,YALI0_D10571g
YALI1_D13611g,YALI0_D10879g
YALI1_D13686g,YALI0_D10923g
YALI1_D13790g,YALI0_D11000g
YALI1_D13865g,YALI0_D11044g
YALI1_D14224g,YALI0_D11352g
YALI1_D14276g,YALI0_D11396g
YALI1_D14300g,YALI0_D11418g
YALI1_D14329g,YALI0_D11462g
YALI1_D14431g,YALI0_D11594g
YALI1_D14532g,YALI0_D11704g
YALI1_D14609g,YALI0_D11770g
YALI1_D14639g,YALI0_D11814g
YALI1_D14695g,YALI0_D11858g
YALI1_D14725g,YALI0_D11880g
YALI1_D14866g,YALI0_D11990g
YALI1_D14893g,YALI0_D12012g
YALI1_D15063g,YALI0_D12122g
YALI1_D15114g,YALI0_D12144g
YALI1_D15214g,YALI0_D12210g
YALI1_D15245g,YALI0_D12232g
YALI1_D15333g,YALI0_D12320g
YALI1_D15362g,YALI0_D12342g
YALI1_D15622g,YALI0_D12518g
YALI1_D15744g,YALI0_D12606g
YALI1_D15897g,YALI0_D12705g
YALI1_D15937g,YALI0_D12749g
YALI1_D15952g,YALI0_D12771g
YALI1_D15983g,YALI0_D12859g
YALI1_D16236g,YALI0_D13090g
YALI1_D16290g,YALI0_D13112g
YALI1_D16314g,YALI0_D13134g
YALI1_D16656g,YALI0_D13464g
YALI1_D16672g,YALI0_D13486g
YALI1_D16809g,YALI0_D13596g
YALI1_D17051g,YALI0_D13750g
YALI1_D17108g,YALI0_D13794g
YALI1_D17206g,YALI0_D13882g
YALI1_D17268g,YALI0_D13948g
YALI1_D17355g,YALI0_D14058g
YALI1_D17370g,YALI0_D14080g
YALI1_D17410g,YALI0_D14102g
YALI1_D17710g,YALI0_D14520g
YALI1_D17885g,YALI0_D14630g
YALI1_D17899g,YALI0_D14652g
YALI1_D17983g,YALI0_D14762g
YALI1_D18167g,YALI0_D14916g
YALI1_D18198g,YALI0_D15004g
YALI1_D18577g,YALI0_D15268g
YALI1_D18673g,YALI0_D15312g
YALI1_D18982g,YALI0_D15466g
YALI1_D19321g,YALI0_D15774g
YALI1_D20118g,YALI0_D16291g
YALI1_D20222g,YALI0_D16357g
YALI1_D20304g,YALI0_D16401g
YALI1_D20473g,YALI0_D16643g
YALI1_D21031g,YALI0_D17086g
YALI1_D21076g,YALI0_D17116g
YALI1_D21100g,YALI0_D17138g
YALI1_D21120g,YALI0_D17160g
YALI1_D21847g,YALI0_D17776g
YALI1_D22237g,YALI0_D17930g
YALI1_D22247g,YALI0_D17952g
YALI1_D22313g,YALI0_D17988g
YALI1_D22342g,YALI0_D17996g
YALI1_D22636g,YALI0_D18106g
YALI1_D22704g,YALI0_D18150g
YALI1_D22768g,YALI0_D18216g
YALI1_D23274g,YALI0_D18612g
YALI1_D23575g,YALI0_D18700g
YALI1_D23653g,YALI0_D18744g
YALI1_D23688g,YALI0_D18766g
YALI1_D23693g,YALI0_D18788g
YALI1_D23995g,YALI0_D18920g
YALI1_D24109g,YALI0_D19030g
YALI1_D24361g,YALI0_D19206g
YALI1_D24649g,YALI0_D19426g
YALI1_D24687g,YALI0_D19448g
YALI1_D24718g,YALI0_D19470g
YALI1_D24751g,YALI0_D19514g
YALI1_D25208g,YALI0_D19888g
YALI1_D25216g,YALI0_D19910g
YALI1_D25233g,YALI0_D19932g
YALI1_D25250g,YALI0_D19954g
YALI1_D25330g,YALI0_D20042g
YALI1_D25370g,YALI0_D20086g
YALI1_D25450g,YALI0_D20152g
YALI1_D25529g,YALI0_D20196g
YALI1_D25616g,YALI0_D20240g
YALI1_D25744g,YALI0_D20328g
YALI1_D25851g,YALI0_D20416g
YALI1_D26051g,YALI0_D20526g
YALI1_D26114g,YALI0_D20570g
YALI1_D26142g,YALI0_D20592g
YALI1_D26146g,YALI0_D20614g
YALI1_D26360g,YALI0_D20768g
YALI1_D26394g,YALI0_D20790g
YALI1_D26496g,YALI0_D20878g
YALI1_D26559g,YALI0_D20944g
YALI1_D26586g,YALI0_D20966g
YALI1_D26721g,YALI0_D21120g
YALI1_D27074g,YALI0_D21450g
YALI1_D27100g,YALI0_D21472g
YALI1_D27148g,YALI0_D21530g
YALI1_D27274g,YALI0_D21604g
YALI1_D27297g,YALI0_D21626g
YALI1_D27718g,YALI0_D21912g
YALI1_D27762g,YALI0_D21956g
YALI1_D27826g,YALI0_D22022g
YALI1_D28087g,YALI0_D22264g
YALI1_D28221g,YALI0_D22330g
YALI1_D28518g,YALI0_D22440g
YALI1_D28825g,YALI0_D22572g
YALI1_D28842g,YALI0_D22594g
YALI1_D29335g,YALI0_D22803g
YALI1_D29668g,YALI0_D22979g
YALI1_D29699g,YALI0_D23001g
YALI1_D29831g,YALI0_D23133g
YALI1_D29852g,YALI0_D23155g
YALI1_D30230g,YALI0_D23375g
YALI1_D30256g,YALI0_D23397g
YALI1_D30420g,YALI0_D23485g
YALI1_D30459g,YALI0_D23551g
YALI1_D30474g,YALI0_D23573g
YALI1_D30570g,YALI0_D23639g
YALI1_D30618g,YALI0_D23683g
YALI1_D30843g,YALI0_D23771g
YALI1_D31186g,YALI0_D23969g
YALI1_D31823g,YALI0_D24211g
YALI1_D32002g,YALI0_D24299g
YALI1_D32153g,YALI0_D24387g
YALI1_D32424g,YALI0_D24497g
YALI1_D32550g,YALI0_D24585g
YALI1_D32594g,YALI0_D24629g
YALI1_D32880g,YALI0_D24830g
YALI1_D33042g,YALI0_D24926g
YALI1_D33119g,YALI0_D24992g
YALI1_D33229g,YALI0_D25058g
YALI1_D33307g,YALI0_D25102g
YALI1_D33418g,YALI0_D25190g
YALI1_D33640g,YALI0_D25344g
YALI1_D33780g,YALI0_D25476g
YALI1_D33835g,YALI0_D25520g
YALI1_D33889g,YALI0_D25564g
YALI1_D33919g,YALI0_D25586g
YALI1_D33941g,YALI0_D25608g
YALI1_D33978g,YALI0_D25652g
YALI1_D34395g,YALI0_D26015g
YALI1_D34508g,YALI0_D26125g
YALI1_D34529g,YALI0_D26147g
YALI1_D34684g,YALI0_D26235g
YALI1_D34865g,YALI0_D26367g
YALI1_D35096g,YALI0_D26532g
YALI1_D35148g,YALI0_D26620g
YALI1_D35394g,YALI0_D26840g
YALI1_D35484g,YALI0_D26950g
YALI1_D35575g,YALI0_D26994g
YALI1_D35711g,YALI0_D27082g
YALI1_D35852g,YALI0_D27214g
YALI1_D35945g,YALI0_D27302g
YALI1_D35965g,YALI0_D27324g
YALI1_D35966g,YALI0_D27346g
YALI1_E00510g,YALI0_E00176g
YALI1_E00533g,YALI0_E00198g
YALI1_E00551g,YALI0_E00220g
YALI1_E00574g,YALI0_E00242g
YALI1_E00746g,YALI0_E00396g
YALI1_E01105g,YALI0_E00726g
YALI1_E01159g,YALI0_E00770g
YALI1_E01251g,YALI0_E00858g
YALI1_E01299g,YALI0_E00902g
YALI1_E01614g,YALI0_E01078g
YALI1_E01623g,YALI0_E01100g
YALI1_E01649g,YALI0_E01122g
YALI1_E01657g,YALI0_E01144g
YALI1_E01793g,YALI0_E01254g
YALI1_E01798g,YALI0_E01276g
YALI1_E02007g,YALI0_E01452g
YALI1_E02056g,YALI0_E01496g
YALI1_E02231g,YALI0_E01650g
YALI1_E02239g,YALI0_E01672g
YALI1_E02265g,YALI0_E01694g
YALI1_E02290g,YALI0_E01760g
YALI1_E02317g,YALI0_E01782g
YALI1_E02355g,YALI0_E01826g
YALI1_E02432g,YALI0_E01936g
YALI1_E02468g,YALI0_E02002g
YALI1_E02529g,YALI0_E02046g
YALI1_E02966g,YALI0_E02354g
YALI1_E03163g,YALI0_E02552g
YALI1_E03220g,YALI0_E02618g
YALI1_E03439g,YALI0_E02794g
YALI1_E03449g,YALI0_E02816g
YALI1_E03527g,YALI0_E02882g
YALI1_E03535g,YALI0_E02904g
YALI1_E03672g,YALI0_E03102g
YALI1_E03762g,YALI0_E03146g
YALI1_E03918g,YALI0_E03256g
YALI1_E03941g,YALI0_E03278g
YALI1_E04033g,YALI0_E03388g
YALI1_E04091g,YALI0_E03432g
YALI1_E04359g,YALI0_E03630g
YALI1_E04613g,YALI0_E03828g
YALI1_E04744g,YALI0_E03960g
YALI1_E04790g,YALI0_E03982g
YALI1_E04859g,YALI0_E04092g
YALI1_E04909g,YALI0_E04114g
YALI1_E05645g,YALI0_E04675g
YALI1_E05664g,YALI0_E04697g
YALI1_E05709g,YALI0_E04785g
YALI1_E05731g,YALI0_E04807g
YALI1_E05833g,YALI0_E04939g
YALI1_E05866g,YALI0_E04983g
YALI1_E05907g,YALI0_E05005g
YALI1_E05929g,YALI0_E05027g
YALI1_E05963g,YALI0_E05049g
YALI1_E06015g,YALI0_E05137g
YALI1_E06031g,YALI0_E05181g
YALI1_E06068g,YALI0_E05225g
YALI1_E06109g,YALI0_E05247g
YALI1_E06119g,YALI0_E05269g
YALI1_E06178g,YALI0_E05335g
YALI1_E06583g,YALI0_E05621g
YALI1_E06759g,YALI0_E05753g
YALI1_E06882g,YALI0_E05797g
YALI1_E07302g,YALI0_E06017g
YALI1_E07306g,YALI0_E06039g
YALI1_E07506g,YALI0_E06193g
YALI1_E07508g,YALI0_E06215g
YALI1_E07657g,YALI0_E06435g
YALI1_E07744g,YALI0_E06479g
YALI1_E07790g,YALI0_E06501g
YALI1_E08035g,YALI0_E06677g
YALI1_E08071g,YALI0_E06721g
YALI1_E08104g,YALI0_E06743g
YALI1_E08253g,YALI0_E06897g
YALI1_E08271g,YALI0_E06919g
YALI1_E08382g,YALI0_E07073g
YALI1_E08440g,YALI0_E07095g
YALI1_E08452g,YALI0_E07117g
YALI1_E08472g,YALI0_E07139g
YALI1_E08530g,YALI0_E07161g
YALI1_E08620g,YALI0_E07271g
YALI1_E08828g,YALI0_E07425g
YALI1_E09128g,YALI0_E07623g
YALI1_E09615g,YALI0_E07942g
YALI1_E09750g,YALI0_E08030g
YALI1_E10290g,YALI0_E08448g
YALI1_E10320g,YALI0_E08492g
YALI1_E10364g,YALI0_E08536g
YALI1_E10455g,YALI0_E08602g
YALI1_E10492g,YALI0_E08617g
YALI1_E10500g,YALI0_E08646g
YALI1_E10852g,YALI0_E08910g
YALI1_E10951g,YALI0_E08969g
YALI1_E11415g,YALI0_E09276g
YALI1_E11441g,YALI0_E09284g
YALI1_E11587g,YALI0_E09405g
YALI1_E11630g,YALI0_E09449g
YALI1_E11674g,YALI0_E09471g
YALI1_E12223g,YALI0_E09823g
YALI1_E12244g,YALI0_E09845g
YALI1_E12402g,YALI0_E09889g
YALI1_E12496g,YALI0_E09955g
YALI1_E12541g,YALI0_E09977g
YALI1_E12587g,YALI0_E10021g
YALI1_E12643g,YALI0_E10065g
YALI1_E12703g,YALI0_E10109g
YALI1_E12730g,YALI0_E10144g
YALI1_E12747g,YALI0_E10153g
YALI1_E12962g,YALI0_E10285g
YALI1_E13280g,YALI0_E10439g
YALI1_E13287g,YALI0_E10461g
YALI1_E13472g,YALI0_E10571g
YALI1_E13637g,YALI0_E10747g
YALI1_E13677g,YALI0_E10769g
YALI1_E13727g,YALI0_E10857g
YALI1_E13765g,YALI0_E10901g
YALI1_E14003g,YALI0_E11165g
YALI1_E14125g,YALI0_E11355g
YALI1_E14385g,YALI0_E11539g
YALI1_E14644g,YALI0_E11869g
YALI1_E14698g,YALI0_E11891g
YALI1_E14762g,YALI0_E11979g
YALI1_E14824g,YALI0_E12023g
YALI1_E15318g,YALI0_E12375g
YALI1_E15321g,YALI0_E12397g
YALI1_E15432g,YALI0_E12441g
YALI1_E15659g,YALI0_E12683g
YALI1_E15889g,YALI0_E12969g
YALI1_E16002g,YALI0_E13057g
YALI1_E16068g,YALI0_E13123g
YALI1_E16097g,YALI0_E13167g
YALI1_E16174g,YALI0_E13233g
YALI1_E16202g,YALI0_E13255g
YALI1_E16255g,YALI0_E13277g
YALI1_E16501g,YALI0_E13530g
YALI1_E16649g,YALI0_E13618g
YALI1_E16694g,YALI0_E13662g
YALI1_E16750g,YALI0_E13728g
YALI1_E16773g,YALI0_E13750g
YALI1_E16974g,YALI0_E13948g
YALI1_E17065g,YALI0_E14014g
YALI1_E17162g,YALI0_E14102g
YALI1_E17171g,YALI0_E14124g
YALI1_E17431g,YALI0_E14443g
YALI1_E17527g,YALI0_E14575g
YALI1_E17613g,YALI0_E14663g
YALI1_E18184g,YALI0_E15136g
YALI1_E18291g,YALI0_E15268g
YALI1_E18303g,YALI0_E15290g
YALI1_E18843g,YALI0_E15620g
YALI1_E18854g,YALI0_E15642g
YALI1_E18961g,YALI0_E15730g
YALI1_E19105g,YALI0_E15928g
YALI1_E19316g,YALI0_E16148g
YALI1_E19458g,YALI0_E16258g
YALI1_E19494g,YALI0_E16294g
YALI1_E19669g,YALI0_E16456g
YALI1_E19682g,YALI0_E16478g
YALI1_E19902g,YALI0_E16709g
YALI1_E20049g,YALI0_E16797g
YALI1_E20192g,YALI0_E16929g
YALI1_E20269g,YALI0_E16995g
YALI1_E20279g,YALI0_E17017g
YALI1_E20453g,YALI0_E17149g
YALI1_E20467g,YALI0_E17193g
YALI1_E20626g,YALI0_E17347g
YALI1_E20635g,YALI0_E17369g
YALI1_E20666g,YALI0_E17391g
YALI1_E20677g,YALI0_E17413g
YALI1_E20751g,YALI0_E17479g
YALI1_E20766g,YALI0_E17545g
YALI1_E21026g,YALI0_E17721g
YALI1_E21230g,YALI0_E17919g
YALI1_E21312g,YALI0_E17963g
YALI1_E21345g,YALI0_E17985g
YALI1_E21513g,YALI0_E18117g
YALI1_E22070g,YALI0_E18414g
YALI1_E22126g,YALI0_E18480g
YALI1_E22262g,YALI0_E18590g
YALI1_E22439g,YALI0_E18744g
YALI1_E22576g,YALI0_E18832g
YALI1_E22718g,YALI0_E18942g
YALI1_E22736g,YALI0_E18964g
YALI1_E22787g,YALI0_E19008g
YALI1_E22865g,YALI0_E19074g
YALI1_E22961g,YALI0_E19206g
YALI1_E23184g,YALI0_E19360g
YALI1_E23223g,YALI0_E19382g
YALI1_E23389g,YALI0_E19536g
YALI1_E23525g,YALI0_E19635g
YALI1_E23610g,YALI0_E19701g
YALI1_E23691g,YALI0_E19767g
YALI1_E23912g,YALI0_E20031g
YALI1_E23945g,YALI0_E20053g
YALI1_E24078g,YALI0_E20251g
YALI1_E24149g,YALI0_E20361g
YALI1_E24343g,YALI0_E20493g
YALI1_E24391g,YALI0_E20537g
YALI1_E24442g,YALI0_E20581g
YALI1_E24461g,YALI0_E20603g
YALI1_E24513g,YALI0_E20669g
YALI1_E24793g,YALI0_E20867g
YALI1_E24894g,YALI0_E20955g
YALI1_E25189g,YALI0_E21131g
YALI1_E25317g,YALI0_E21219g
YALI1_E25424g,YALI0_E21329g
YALI1_E25443g,YALI0_E21351g
YALI1_E25485g,YALI0_E21395g
YALI1_E25859g,YALI0_E21846g
YALI1_E25905g,YALI0_E21912g
YALI1_E25932g,YALI0_E21934g
YALI1_E25955g,YALI0_E21956g
YALI1_E25999g,YALI0_E22022g
YALI1_E26021g,YALI0_E22044g
YALI1_E26094g,YALI0_E22088g
YALI1_E26320g,YALI0_E22330g
YALI1_E26336g,YALI0_E22352g
YALI1_E26811g,YALI0_E22649g
YALI1_E26900g,YALI0_E22759g
YALI1_E26987g,YALI0_E22825g
YALI1_E27104g,YALI0_E22935g
YALI1_E27144g,YALI0_E22979g
YALI1_E27196g,YALI0_E23045g
YALI1_E27207g,YALI0_E23067g
YALI1_E27243g,YALI0_E23133g
YALI1_E27279g,YALI0_E23185g
YALI1_E27339g,YALI0_E23199g
YALI1_E27406g,YALI0_E23265g
YALI1_E27548g,YALI0_E23386g
YALI1_E28033g,YALI0_E23694g
YALI1_E28107g,YALI0_E23749g
YALI1_E28130g,YALI0_E23760g
YALI1_E28213g,YALI0_E23826g
YALI1_E28465g,YALI0_E23947g
YALI1_E28964g,YALI0_E24321g
YALI1_E28999g,YALI0_E24343g
YALI1_E29046g,YALI0_E24387g
YALI1_E29085g,YALI0_E24431g
YALI1_E29150g,YALI0_E24475g
YALI1_E29179g,YALI0_E24497g
YALI1_E29586g,YALI0_E24761g
YALI1_E29617g,YALI0_E24805g
YALI1_E29665g,YALI0_E24849g
YALI1_E30373g,YALI0_E25630g
YALI1_E30479g,YALI0_E25718g
YALI1_E30707g,YALI0_E25872g
YALI1_E30886g,YALI0_E26004g
YALI1_E31075g,YALI0_E26235g
YALI1_E31194g,YALI0_E26323g
YALI1_E31248g,YALI0_E26367g
YALI1_E31351g,YALI0_E26389g
YALI1_E31389g,YALI0_E26455g
YALI1_E31396g,YALI0_E26477g
YALI1_E31461g,YALI0_E26521g
YALI1_E31483g,YALI0_E26543g
YALI1_E31565g,YALI0_E26609g
YALI1_E31772g,YALI0_E26851g
YALI1_E31947g,YALI0_E27005g
YALI1_E32269g,YALI0_E27269g
YALI1_E32332g,YALI0_E27346g
YALI1_E32361g,YALI0_E27390g
YALI1_E32622g,YALI0_E27676g
YALI1_E32664g,YALI0_E27715g
YALI1_E32754g,YALI0_E27764g
YALI1_E32842g,YALI0_E27830g
YALI1_E33024g,YALI0_E27940g
YALI1_E33220g,YALI0_E28182g
YALI1_E33268g,YALI0_E28226g
YALI1_E33302g,YALI0_E28248g
YALI1_E33421g,YALI0_E28314g
YALI1_E33527g,YALI0_E28371g
YALI1_E33540g,YALI0_E28402g
YALI1_E33633g,YALI0_E28468g
YALI1_E33642g,YALI0_E28490g
YALI1_E33843g,YALI0_E28578g
YALI1_E33943g,YALI0_E28666g
YALI1_E34028g,YALI0_E28721g
YALI1_E34205g,YALI0_E28897g
YALI1_E34218g,YALI0_E28919g
YALI1_E34222g,YALI0_E28930g
YALI1_E34269g,YALI0_E28963g
YALI1_E34290g,YALI0_E29007g
YALI1_E34319g,YALI0_E29029g
YALI1_E34344g,YALI0_E29073g
YALI1_E34367g,YALI0_E29095g
YALI1_E34408g,YALI0_E29139g
YALI1_E34513g,YALI0_E29227g
YALI1_E34525g,YALI0_E29249g
YALI1_E34621g,YALI0_E29293g
YALI1_E34708g,YALI0_E29337g
YALI1_E34870g,YALI0_E29469g
YALI1_E34933g,YALI0_E29506g
YALI1_E35005g,YALI0_E29579g
YALI1_E35082g,YALI0_E29667g
YALI1_E35520g,YALI0_E30129g
YALI1_E35580g,YALI0_E30217g
YALI1_E35734g,YALI0_E30349g
YALI1_E35815g,YALI0_E30481g
YALI1_E35955g,YALI0_E30591g
YALI1_E35963g,YALI0_E30602g
YALI1_E35988g,YALI0_E30635g
YALI1_E36057g,YALI0_E30679g
YALI1_E36179g,YALI0_E30811g
YALI1_E36365g,YALI0_E30899g
YALI1_E36404g,YALI0_E30943g
YALI1_E37026g,YALI0_E31427g
YALI1_E37040g,YALI0_E31449g
YALI1_E37198g,YALI0_E31551g
YALI1_E37387g,YALI0_E31625g
YALI1_E37419g,YALI0_E31669g
YALI1_E37603g,YALI0_E31766g
YALI1_E37764g,YALI0_E31797g
YALI1_E37830g,YALI0_E31867g
YALI1_E37886g,YALI0_E31911g
YALI1_E37930g,YALI0_E31955g
YALI1_E38020g,YALI0_E32043g
YALI1_E38056g,YALI0_E32109g
YALI1_E38113g,YALI0_E32153g
YALI1_E38491g,YALI0_E32483g
YALI1_E38512g,YALI0_E32494g
YALI1_E38526g,YALI0_E32505g
YALI1_E38593g,YALI0_E32542g
YALI1_E38608g,YALI0_E32571g
YALI1_E38692g,YALI0_E32659g
YALI1_E39057g,YALI0_E32857g
YALI1_E39221g,YALI0_E33033g
YALI1_E39228g,YALI0_E33055g
YALI1_E39295g,YALI0_E33143g
YALI1_E39306g,YALI0_E33165g
YALI1_E39333g,YALI0_E33187g
YALI1_E39378g,YALI0_E33231g
YALI1_E39385g,YALI0_E33253g
YALI1_E39693g,YALI0_E33517g
YALI1_E39924g,YALI0_E33649g
YALI1_E40032g,YALI0_E33759g
YALI1_E40097g,YALI0_E33825g
YALI1_E40144g,YALI0_E33847g
YALI1_E40305g,YALI0_E33957g
YALI1_E40324g,YALI0_E33979g
YALI1_E40361g,YALI0_E34037g
YALI1_E40467g,YALI0_E34111g
YALI1_E40471g,YALI0_E34133g
YALI1_E40540g,YALI0_E34170g
YALI1_E40691g,YALI0_E34287g
YALI1_E40754g,YALI0_E34353g
YALI1_E40782g,YALI0_E34375g
YALI1_E40915g,YALI0_E34485g
YALI1_E41061g,YALI0_E34573g
YALI1_E41185g,YALI0_E34687g
YALI1_E41325g,YALI0_E34815g
YALI1_E41367g,YALI0_E34826g
YALI1_F00184g,YALI0_F00154g
YALI1_F00229g,YALI0_F00198g
YALI1_F00430g,YALI0_F00352g
YALI1_F00821g,YALI0_F00506g
YALI1_F01291g,YALI0_F00836g
YALI1_F01456g,YALI0_F00924g
YALI1_F01659g,YALI0_F01012g
YALI1_F01838g,YALI0_F01122g
YALI1_F01929g,YALI0_F01188g
YALI1_F02378g,YALI0_F01518g
YALI1_F02508g,YALI0_F01606g
YALI1_F02794g,YALI0_F01793g
YALI1_F03118g,YALI0_F01969g
YALI1_F03407g,YALI0_F02167g
YALI1_F03428g,YALI0_F02189g
YALI1_F03527g,YALI0_F02299g
YALI1_F03604g,YALI0_F02365g
YALI1_F03722g,YALI0_F02409g
YALI1_F03765g,YALI0_F02453g
YALI1_F03778g,YALI0_F02475g
YALI1_F03855g,YALI0_F02585g
YALI1_F03908g,YALI0_F02629g
YALI1_F03948g,YALI0_F02673g
YALI1_F03973g,YALI0_F02695g
YALI1_F04027g,YALI0_F02783g
YALI1_F04045g,YALI0_F02805g
YALI1_F04110g,YALI0_F02893g
YALI1_F04433g,YALI0_F03179g
YALI1_F04497g,YALI0_F03223g
YALI1_F04594g,YALI0_F03300g
YALI1_F05312g,YALI0_F03630g
YALI1_F05661g,YALI0_F03839g
YALI1_F05781g,YALI0_F03883g
YALI1_F06018g,YALI0_F04015g
YALI1_F06197g,YALI0_F04095g
YALI1_F06244g,YALI0_F04114g
YALI1_F06262g,YALI0_F04125g
YALI1_F06670g,YALI0_F04334g
YALI1_F06787g,YALI0_F04378g
YALI1_F06941g,YALI0_F04543g
YALI1_F06991g,YALI0_F04576g
YALI1_F07181g,YALI0_F04664g
YALI1_F07318g,YALI0_F04708g
YALI1_F07344g,YALI0_F04730g
YALI1_F07376g,YALI0_F04752g
YALI1_F07384g,YALI0_F04774g
YALI1_F07429g,YALI0_F04818g
YALI1_F07675g,YALI0_F05082g
YALI1_F07819g,YALI0_F05170g
YALI1_F07827g,YALI0_F05192g
YALI1_F07847g,YALI0_F05214g
YALI1_F07938g,YALI0_F05324g
YALI1_F08183g,YALI0_F05478g
YALI1_F08225g,YALI0_F05500g
YALI1_F08260g,YALI0_F05522g
YALI1_F08284g,YALI0_F05544g
YALI1_F08292g,YALI0_F05566g
YALI1_F08349g,YALI0_F05610g
YALI1_F08431g,YALI0_F05676g
YALI1_F08635g,YALI0_F05803g
YALI1_F08944g,YALI0_F06028g
YALI1_F09003g,YALI0_F06050g
YALI1_F09017g,YALI0_F06061g
YALI1_F09177g,YALI0_F06116g
YALI1_F09230g,YALI0_F06160g
YALI1_F09289g,YALI0_F06226g
YALI1_F09314g,YALI0_F06248g
YALI1_F09345g,YALI0_F06292g
YALI1_F09361g,YALI0_F06314g
YALI1_F09456g,YALI0_F06372g
YALI1_F09518g,YALI0_F06402g
YALI1_F09542g,YALI0_F06424g
YALI1_F09598g,YALI0_F06468g
YALI1_F09608g,YALI0_F06490g
YALI1_F09627g,YALI0_F06512g
YALI1_F09695g,YALI0_F06534g
YALI1_F09803g,YALI0_F06644g
YALI1_F09833g,YALI0_F06666g
YALI1_F09896g,YALI0_F06732g
YALI1_F10296g,YALI0_F07040g
YALI1_F10385g,YALI0_F07084g
YALI1_F10713g,YALI0_F07359g
YALI1_F10786g,YALI0_F07491g
YALI1_F10839g,YALI0_F07513g
YALI1_F10900g,YALI0_F07557g
YALI1_F10928g,YALI0_F07579g
YALI1_F10990g,YALI0_F07667g
YALI1_F11049g,YALI0_F07711g
YALI1_F11080g,YALI0_F07733g
YALI1_F11141g,YALI0_F07777g
YALI1_F11224g,YALI0_F07843g
YALI1_F11243g,YALI0_F07865g
YALI1_F11308g,YALI0_F07953g
YALI1_F11330g,YALI0_F08019g
YALI1_F11493g,YALI0_F08151g
YALI1_F11553g,YALI0_F08165g
YALI1_F11605g,YALI0_F08217g
YALI1_F11781g,YALI0_F08371g
YALI1_F11905g,YALI0_F08503g
YALI1_F11930g,YALI0_F08569g
YALI1_F12013g,YALI0_F08613g
YALI1_F12033g,YALI0_F08635g
YALI1_F12080g,YALI0_F08657g
YALI1_F12138g,YALI0_F08701g
YALI1_F12330g,YALI0_F08833g
YALI1_F12422g,YALI0_F08877g
YALI1_F12434g,YALI0_F08899g
YALI1_F12842g,YALI0_F09185g
YALI1_F13001g,YALI0_F09383g
YALI1_F13017g,YALI0_F09405g
YALI1_F13039g,YALI0_F09449g
YALI1_F13072g,YALI0_F09493g
YALI1_F13097g,YALI0_F09559g
YALI1_F13220g,YALI0_F09669g
YALI1_F13339g,YALI0_F09746g
YALI1_F13373g,YALI0_F09790g
YALI1_F13395g,YALI0_F09834g
YALI1_F13644g,YALI0_F10098g
YALI1_F13719g,YALI0_F10153g
YALI1_F14024g,YALI0_F10307g
YALI1_F14342g,YALI0_F10659g
YALI1_F14409g,YALI0_F10769g
YALI1_F14712g,YALI0_F11055g
YALI1_F14729g,YALI0_F11077g
YALI1_F14882g,YALI0_F11231g
YALI1_F14958g,YALI0_F11297g
YALI1_F15186g,YALI0_F11473g
YALI1_F15218g,YALI0_F11487g
YALI1_F15265g,YALI0_F11517g
YALI1_F15311g,YALI0_F11561g
YALI1_F15403g,YALI0_F11649g
YALI1_F15533g,YALI0_F11781g
YALI1_F15692g,YALI0_F11847g
YALI1_F15781g,YALI0_F11935g
YALI1_F15878g,YALI0_F12023g
YALI1_F16035g,YALI0_F12155g
YALI1_F16117g,YALI0_F12221g
YALI1_F16702g,YALI0_F12507g
YALI1_F16743g,YALI0_F12551g
YALI1_F16984g,YALI0_F12639g
YALI1_F17066g,YALI0_F12727g
YALI1_F17082g,YALI0_F12749g
YALI1_F17431g,YALI0_F12991g
YALI1_F17949g,YALI0_F13409g
YALI1_F17962g,YALI0_F13453g
YALI1_F17988g,YALI0_F13475g
YALI1_F18023g,YALI0_F13497g
YALI1_F18524g,YALI0_F13783g
YALI1_F18550g,YALI0_F13805g
YALI1_F18857g,YALI0_F14003g
YALI1_F19090g,YALI0_F14223g
YALI1_F19180g,YALI0_F14355g
YALI1_F19192g,YALI0_F14377g
YALI1_F19746g,YALI0_F14795g
YALI1_F19764g,YALI0_F14817g
YALI1_F19811g,YALI0_F14861g
YALI1_F20637g,YALI0_F15345g
YALI1_F20712g,YALI0_F15389g
YALI1_F20788g,YALI0_F15433g
YALI1_F20965g,YALI0_F15631g
YALI1_F21315g,YALI0_F15829g
YALI1_F21381g,YALI0_F15895g
YALI1_F21540g,YALI0_F16049g
YALI1_F21583g,YALI0_F16115g
YALI1_F21690g,YALI0_F16181g
YALI1_F21698g,YALI0_F16203g
YALI1_F21769g,YALI0_F16291g
YALI1_F21778g,YALI0_F16313g
YALI1_F21974g,YALI0_F16467g
YALI1_F22219g,YALI0_F16643g
YALI1_F22436g,YALI0_F16819g
YALI1_F22993g,YALI0_F17248g
YALI1_F23071g,YALI0_F17314g
YALI1_F23351g,YALI0_F17512g
YALI1_F23368g,YALI0_F17556g
YALI1_F23414g,YALI0_F17622g
YALI1_F24126g,YALI0_F18150g
YALI1_F24130g,YALI0_F18172g
YALI1_F24171g,YALI0_F18216g
YALI1_F24173g,YALI0_F18238g
YALI1_F24343g,YALI0_F18359g
YALI1_F24359g,YALI0_F18370g
YALI1_F25001g,YALI0_F18766g
YALI1_F25485g,YALI0_F19074g
YALI1_F25546g,YALI0_F19118g
YALI1_F25792g,YALI0_F19382g
YALI1_F25852g,YALI0_F19404g
YALI1_F25908g,YALI0_F19448g
YALI1_F25924g,YALI0_F19470g
YALI1_F26039g,YALI0_F19602g
YALI1_F26058g,YALI0_F19624g
YALI1_F26142g,YALI0_F19690g
YALI1_F26216g,YALI0_F19756g
YALI1_F26692g,YALI0_F20042g
YALI1_F26726g,YALI0_F20108g
YALI1_F26757g,YALI0_F20152g
YALI1_F26873g,YALI0_F20218g
YALI1_F26915g,YALI0_F20240g
YALI1_F26957g,YALI0_F20284g
YALI1_F26967g,YALI0_F20306g
YALI1_F27002g,YALI0_F20328g
YALI1_F27017g,YALI0_F20350g
YALI1_F27041g,YALI0_F20372g
YALI1_F27101g,YALI0_F20416g
YALI1_F27175g,YALI0_F20482g
YALI1_F27343g,YALI0_F20570g
YALI1_F27465g,YALI0_F20636g
YALI1_F27556g,YALI0_F20702g
YALI1_F27574g,YALI0_F20724g
YALI1_F27663g,YALI0_F20746g
YALI1_F27686g,YALI0_F20790g
YALI1_F27731g,YALI0_F20856g
YALI1_F27758g,YALI0_F20878g
YALI1_F27761g,YALI0_F20900g
YALI1_F27904g,YALI0_F21010g
YALI1_F28025g,YALI0_F21153g
YALI1_F28092g,YALI0_F21219g
YALI1_F28146g,YALI0_F21329g
YALI1_F28274g,YALI0_F21406g
YALI1_F28467g,YALI0_F21505g
YALI1_F28537g,YALI0_F21615g
YALI1_F28744g,YALI0_F21725g
YALI1_F28807g,YALI0_F21769g
YALI1_F28833g,YALI0_F21791g
YALI1_F28943g,YALI0_F21879g
YALI1_F28967g,YALI0_F21901g
YALI1_F29038g,YALI0_F21945g
YALI1_F29078g,YALI0_F21967g
YALI1_F29196g,YALI0_F22077g
YALI1_F29317g,YALI0_F22136g
YALI1_F29540g,YALI0_F22297g
YALI1_F29635g,YALI0_F22363g
YALI1_F29652g,YALI0_F22421g
YALI1_F29670g,YALI0_F22429g
YALI1_F29704g,YALI0_F22473g
YALI1_F29727g,YALI0_F22495g
YALI1_F29905g,YALI0_F22693g
YALI1_F29944g,YALI0_F22759g
YALI1_F29987g,YALI0_F22781g
YALI1_F30004g,YALI0_F22803g
YALI1_F30340g,YALI0_F23111g
YALI1_F30367g,YALI0_F23133g
YALI1_F30520g,YALI0_F23287g
YALI1_F30641g,YALI0_F23375g
YALI1_F30703g,YALI0_F23441g
YALI1_F30754g,YALI0_F23463g
YALI1_F31001g,YALI0_F23595g
YALI1_F31135g,YALI0_F23727g
YALI1_F31283g,YALI0_F23837g
YALI1_F31432g,YALI0_F23991g
YALI1_F31439g,YALI0_F24013g
YALI1_F31689g,YALI0_F24299g
YALI1_F31725g,YALI0_F24321g
YALI1_F31744g,YALI0_F24365g
YALI1_F31760g,YALI0_F24387g
YALI1_F31854g,YALI0_F24475g
YALI1_F31866g,YALI0_F24497g
YALI1_F31934g,YALI0_F24563g
YALI1_F32002g,YALI0_F24651g
YALI1_F32010g,YALI0_F24673g
YALI1_F32043g,YALI0_F24695g
YALI1_F32090g,YALI0_F24739g
YALI1_F32167g,YALI0_F24783g
YALI1_F32204g,YALI0_F24871g
YALI1_F32305g,YALI0_F24959g
YALI1_F32387g,YALI0_F25069g
YALI1_F32792g,YALI0_F25531g
YALI1_F32989g,YALI0_F25663g
YALI1_F33143g,YALI0_F25773g
YALI1_F33345g,YALI0_F25905g
YALI1_F33819g,YALI0_F26433g
YALI1_F33861g,YALI0_F26455g
YALI1_F34051g,YALI0_F26609g
YALI1_F34057g,YALI0_F26631g
YALI1_F34397g,YALI0_F27049g
YALI1_F34472g,YALI0_F27093g
YALI1_F34625g,YALI0_F27247g
YALI1_F34675g,YALI0_F27313g
YALI1_F34818g,YALI0_F27445g
YALI1_F34862g,YALI0_F27467g
YALI1_F34928g,YALI0_F27533g
YALI1_F35329g,YALI0_F27753g
YALI1_F35406g,YALI0_F27775g
YALI1_F35417g,YALI0_F27797g
YALI1_F35441g,YALI0_F27819g
YALI1_F35489g,YALI0_F27863g
YALI1_F35591g,YALI0_F27929g
YALI1_F35656g,YALI0_F27995g
YALI1_F35714g,YALI0_F28039g
YALI1_F35753g,YALI0_F28083g
YALI1_F35907g,YALI0_F28215g
YALI1_F35938g,YALI0_F28281g
YALI1_F35983g,YALI0_F28303g
YALI1_F36127g,YALI0_F28391g
YALI1_F36152g,YALI0_F28435g
YALI1_F36178g,YALI0_F28457g
YALI1_F36233g,YALI0_F28501g
YALI1_F36706g,YALI0_F29073g
YALI1_F36742g,YALI0_F29161g
YALI1_F36760g,YALI0_F29183g
YALI1_F37100g,YALI0_F29513g
YALI1_F37354g,YALI0_F29843g
YALI1_F37481g,YALI0_F29931g
YALI1_F37508g,YALI0_F29997g
YALI1_F37559g,YALI0_F30019g
YALI1_F37685g,YALI0_F30085g
YALI1_F37734g,YALI0_F30151g
YALI1_F37742g,YALI0_F30173g
YALI1_F37770g,YALI0_F30195g
YALI1_F37890g,YALI0_F30305g
YALI1_F37998g,YALI0_F30426g
YALI1_F38140g,YALI0_F30503g
YALI1_F38317g,YALI0_F30679g
YALI1_F38684g,YALI0_F31031g
YALI1_F38859g,YALI0_F31163g
YALI1_F38882g,YALI0_F31207g
YALI1_F38986g,YALI0_F31273g
YALI1_F39001g,YALI0_F31317g
YALI1_F39051g,YALI0_F31405g
YALI1_F39106g,YALI0_F31449g
YALI1_F39128g,YALI0_F31493g
YALI1_F39183g,YALI0_F31559g
YALI1_F39261g,YALI0_F31647g
YALI1_F39272g,YALI0_F31669g
YALI1_F39330g,YALI0_F31735g
YALI1_F39426g,YALI0_F31845g
YALI1_F39645g,YALI0_F32021g
YALI1_F39885g,YALI0_F32153g
YALI1_F39891g,YALI0_F32175g
